Ekipman	Tag No
3010000	100BE-0001A
3010001	100BE-0001B
3010002	100BE-0001C
3010003	100BE-0001D
3010004	100BE-0001E
3010005	100BE-0001F
3010006	100BE-0001G
3010007	100BE-0001H
3010008	100BE-0001I
3010009	100BE-0001J
3010010	100BE-0001K
3010011	100BE-0001L
3010012	100BE-0001M
3010013	100BE-0001N
3010014	100BE-0001O
3010015	100BE-0001P
3010016	100BE-0001Q
3010017	100BE-0001R
3010018	100BE-0001S
3010019	100BE-0001T
3010020	100BE-0001U
3010021	100BE-0001V
3010022	100BE-0001W
3010023	100BE-0001X
3010024	100BE-0002A
3010025	100BE-0002B
3010026	100BE-0002C
3010027	100BE-0002D
3010028	100BE-0002E
3010029	100BE-0002F
3010030	100BE-0002G
3010031	100BE-0002H
3010032	100BE-0002I
3010033	100BE-0002J
3010034	100BE-0002K
3010035	100BE-0002L
3010036	100BE-0002M
3010037	100BE-0002N
3010038	100BE-0002O
3010039	100BE-0002P
3010040	100BE-0002Q
3010041	100BE-0002R
3010042	100BE-0002S
3010043	100BE-0002T
3010044	100BE-0002U
3010045	100BE-0002V
3010046	100BE-0002W
3010047	100BE-0002X
3010048	100BE-0003A
3010049	100BE-0003B
3010050	100BE-0003C
3010051	100BE-0003D
3010052	100BE-0003E
3010053	100BE-0003F
3010054	100BE-0003G
3010055	100BE-0003H
3010056	100BE-0003I
3010057	100BE-0003J
3010058	100BE-0003K
3010059	100BE-0003L
3010060	100BE-0003M
3010061	100BE-0003N
3010062	100BE-0003O
3010063	100BE-0003P
3010064	100BE-0003Q
3010065	100BE-0003R
3010066	100BE-0003S
3010067	100BE-0003T
3010068	100BE-0003U
3010069	100BE-0003V
3010070	100BE-0003W
3010071	100BE-0003X
3010072	100BE-0004A
3010073	100BE-0004B
3010074	100BE-0004C
3010075	100BE-0004D
3010076	100BE-0004E
3010077	100BE-0004F
3010078	100BE-0004G
3010079	100BE-0004H
3010080	100BE-0004I
3010081	100BE-0004J
3010082	100BE-0004K
3010083	100BE-0004L
3010084	100BE-0004M
3010085	100BE-0004N
3010086	100BE-0004O
3010087	100BE-0004P
3010088	100BE-0004Q
3010089	100BE-0004R
3010090	100BE-0004S
3010091	100BE-0004T
3010092	100BE-0004U
3010093	100BE-0004V
3010094	100BE-0004W
3010095	100BE-0004X
3010096	100BE-1001A
3010097	100BE-1001B
3010098	100BE-1001C
3010099	100BE-1001D
3010100	100BE-1001E
3010101	100BE-1001F
3010102	100BE-1002A
3010103	100BE-1002B
3010104	100BE-1002C
3010105	100BE-1002D
3010106	100BE-1002E
3010107	100BE-1002F
3010108	100BE-1004A
3010109	100BE-1004B
3010110	100BE-1004C
3010111	100BE-1004D
3010112	100BE-1004E
3010113	100BE-1004F
3010114	100BE-1005A
3010115	100BE-1005B
3010116	100BE-1005C
3010117	100BE-1005D
3010118	100BE-1005E
3010119	100BE-1005F
3010215	100FT-0050A
3010216	100FT-0050B
3010217	100FT-0050C
3010220	100FT-0052A
3010221	100FT-0052B
3010222	100FT-0052C
3010225	100FT-0054A
3010226	100FT-0054B
3010227	100FT-0054C
3010230	100FT-0056A
3010231	100FT-0056B
3010232	100FT-0056C
3010235	100FT-0058A
3010236	100FT-0058B
3010237	100FT-0058C
3010240	100FT-0060A
3010241	100FT-0060B
3010242	100FT-0060C
3010245	100FT-0062A
3010246	100FT-0062B
3010247	100FT-0062C
3010250	100FT-0064A
3010251	100FT-0064B
3010252	100FT-0064C
3010255	100FT-0066A
3010256	100FT-0066B
3010257	100FT-0066C
3010260	100FT-0068A
3010261	100FT-0068B
3010262	100FT-0068C
3010265	100FT-0070A
3010266	100FT-0070B
3010267	100FT-0070C
3010270	100FT-0072A
3010271	100FT-0072B
3010272	100FT-0072C
3010379	100FT-0601A
3010380	100FT-0601B
3010381	100FT-0601C
3010390	100FT-1005A
3010391	100FT-1005B
3010392	100FT-1005C
3010418	100FT-1017A
3010419	100FT-1017B
3010420	100FT-1017C
3010423	100FT-1019A
3010424	100FT-1019B
3010425	100FT-1019C
3010428	100FT-1021A
3010429	100FT-1021B
3010430	100FT-1021C
3010433	100FT-1023A
3010434	100FT-1023B
3010435	100FT-1023C
3010546	100FT-1094
3010555	100FT-1332A
3010556	100FT-1332B
3010557	100FT-1332C
3010558	100FT-1336A
3010559	100FT-1336B
3010560	100FT-1336C
3010299	100FV-0083
3010785	100LT-0012A
3010786	100LT-0012B
3010787	100LT-0012C
3010790	100LT-0015A
3010791	100LT-0015B
3010792	100LT-0015C
3010794	100LT-0017A
3010795	100LT-0017B
3010796	100LT-0017C
3010798	100LT-0019A
3010799	100LT-0019B
3010800	100LT-0019C
3010801	100LT-0020A
3010802	100LT-0020B
3010803	100LT-0020C
3010805	100LT-0022
3010808	100LT-0026A
3010809	100LT-0026B
3010812	100LT-0030
3010815	100LT-0032
3010819	100LT-0035
3010821	100LT-0037
3010822	100LT-0038A
3010823	100LT-0038B
3010826	100LT-0053
3010827	100LT-0061
3010834	100LT-1001A
3010835	100LT-1001B
3010837	100LT-1003A
3010838	100LT-1003B
3010840	100LT-1005A
3010841	100LT-1005B
3010842	100LT-1005C
3010846	100LT-1009A
3010847	100LT-1009B
3010849	100LT-1011A
3010850	100LT-1011B
3010851	100LT-1011C
3010853	100LT-1013
3010856	100LT-1016A
3010857	100LT-1016B
3010858	100LT-1017A
3010859	100LT-1017B
3010862	100LT-1020A
3010863	100LT-1020B
3010865	100LT-1022
3010867	100LT-1024
3010869	100LT-1026
3010870	100LT-1027
3010872	100LT-1029
3010874	100LT-1031A
3010875	100LT-1031B
3010894	100LT-2019A
3010895	100LT-2019B
3010896	100LT-2019C
3010902	100LT-2028A
3010903	100LT-2028B
3010904	100LT-2028C
3010969	100PT-0036A
3010970	100PT-0036B
3010971	100PT-0036C
3010974	100PT-0039A
3010975	100PT-0039B
3010976	100PT-0039C
3010977	100PT-0040A
3010978	100PT-0040B
3010979	100PT-0040C
3010988	100PT-0046A
3010989	100PT-0046B
3010990	100PT-0046C
3011213	100PT-1013A
3011214	100PT-1013B
3011215	100PT-1013C
3011218	100PT-1016A
3011219	100PT-1016B
3011220	100PT-1016C
3011227	100PT-1025A
3011228	100PT-1025B
3011229	100PT-1025C
3011231	100PT-1027A
3011232	100PT-1027B
3011233	100PT-1027C
3011236	100PT-1031A
3011237	100PT-1031B
3011238	100PT-1031C
3011252	100PT-1049A
3011253	100PT-1049B
3011254	100PT-1049C
3011255	100PT-1049D
3011372	100PT-1324A
3011373	100PT-1324B
3011374	100PT-1324C
3011709	100TT-0050
3011715	100TT-0052
3011721	100TT-0054
3011727	100TT-0056
3011733	100TT-0058
3011739	100TT-0060
3011745	100TT-0062
3011751	100TT-0064
3011757	100TT-0066
3011763	100TT-0068
3011769	100TT-0070
3011775	100TT-0072
3013022	100TT-1023A
3013023	100TT-1023B
3013024	100TT-1023C
3013034	100TT-1025A
3013035	100TT-1025B
3013036	100TT-1025C
3013046	100TT-1027A
3013047	100TT-1027B
3013048	100TT-1027C
3013058	100TT-1029A
3013059	100TT-1029B
3013060	100TT-1029C
3013114	100TT-1052A
3013115	100TT-1052B
3013116	100TT-1052C
3013126	100TT-1054A
3013127	100TT-1054B
3013128	100TT-1054C
3013138	100TT-1056A
3013139	100TT-1056B
3013140	100TT-1056C
3013150	100TT-1058A
3013151	100TT-1058B
3013152	100TT-1058C
3013304	100TT-1113
3013366	100TT-1133A
3013367	100TT-1133B
3013368	100TT-1133C
3014269	100UV-0002
3014272	100UV-0005
3014273	100UV-0006
3014274	100UV-0007
3014275	100UV-0008
3014276	100UV-0009
3014277	100UV-0010
3014281	100UV-0016
3014287	100UV-0022
3014288	100UV-0023
3014296	100UV-0031A
3014297	100UV-0031B
3014298	100UV-0031C
3014299	100UV-0031D
3014300	100UV-0031E
3014301	100UV-0031F
3014302	100UV-0031G
3014303	100UV-0031H
3014304	100UV-0031I
3014305	100UV-0031J
3014306	100UV-0031K
3014307	100UV-0031L
3014312	100UV-0031Q
3014313	100UV-0031R
3014314	100UV-0031S
3014344	100UV-0033A
3014345	100UV-0033B
3014346	100UV-0033C
3014347	100UV-0033D
3014348	100UV-0033E
3014349	100UV-0033F
3014350	100UV-0033G
3014351	100UV-0033H
3014352	100UV-0033I
3014353	100UV-0033J
3014354	100UV-0033K
3014355	100UV-0033L
3014356	100UV-0033M
3014357	100UV-0033N
3014358	100UV-0033O
3014359	100UV-0033P
3014360	100UV-0033Q
3014361	100UV-0033R
3014362	100UV-0033S
3014363	100UV-0033T
3014364	100UV-0033U
3014365	100UV-0033V
3014366	100UV-0033W
3014367	100UV-0033X
3014368	100UV-0034A
3014369	100UV-0034B
3014370	100UV-0034C
3014371	100UV-0034D
3014372	100UV-0034E
3014373	100UV-0034F
3014374	100UV-0034G
3014375	100UV-0034H
3014376	100UV-0034I
3014377	100UV-0034J
3014378	100UV-0034K
3014379	100UV-0034L
3014380	100UV-0034M
3014381	100UV-0034N
3014382	100UV-0034O
3014383	100UV-0034P
3014384	100UV-0034Q
3014385	100UV-0034R
3014386	100UV-0034S
3014387	100UV-0034T
3014388	100UV-0034U
3014389	100UV-0034V
3014390	100UV-0034W
3014391	100UV-0034X
3014392	100UV-0035A
3014393	100UV-0035B
3014394	100UV-0035C
3014395	100UV-0035D
3014396	100UV-0035E
3014397	100UV-0035F
3014410	100UV-1002
3014412	100UV-1004
3014413	100UV-1005
3014414	100UV-1006
3014415	100UV-1007
3014417	100UV-1009
3014418	100UV-1010
3014420	100UV-1012
3014422	100UV-1014A
3014423	100UV-1014B
3014424	100UV-1014C
3014425	100UV-1014D
3014426	100UV-1014E
3014427	100UV-1014F
3014428	100UV-1015A
3014429	100UV-1015B
3014430	100UV-1015C
3014431	100UV-1015D
3014432	100UV-1015E
3014433	100UV-1015F
3014434	100UV-1016A
3014435	100UV-1016B
3014436	100UV-1016C
3014437	100UV-1016D
3014438	100UV-1016E
3014439	100UV-1016F
3014440	100UV-1017
3014441	100UV-1018
3014442	100UV-1019
3014443	100UV-1020
3014444	100UV-1021
3014445	100UV-1022
3014446	100UV-1023
3014448	100UV-1025
3014449	100UV-1026A
3014450	100UV-1026B
3014451	100UV-1026C
3014452	100UV-1026D
3014453	100UV-1026E
3014454	100UV-1026F
3014455	100UV-1027A
3014456	100UV-1027B
3014457	100UV-1027C
3014458	100UV-1027D
3014459	100UV-1027E
3014460	100UV-1027F
3014461	100UV-1028A
3014462	100UV-1028B
3014463	100UV-1028C
3014464	100UV-1028D
3014465	100UV-1028E
3014466	100UV-1028F
3014467	100UV-1029
3014473	100UV-1035
3014476	100UV-1038
3014479	100UV-1041
3014480	100UV-1042
3014481	100UV-1043
3014482	100UV-1044
3014483	100UV-1045
3014486	100UV-1048
3014490	100UV-1052
3014491	100UV-1053
3014492	100UV-1054
3014493	100UV-1055
3014693	110LT-0001A
3014694	110LT-0001B
3014695	110LT-0001C
3014696	110LT-0003
3014697	110LT-0004
3014701	110LT-0009A
3014702	110LT-0009B
3014703	110LT-0009C
3014706	110LT-0012A
3014707	110LT-0012B
3014708	110LT-0012C
3014719	110LT-0027A
3014720	110LT-0027B
3014721	110LT-0027C
3014724	110LT-0030
3014729	110LT-1005A
3014730	110LT-1005B
3014731	110LT-1005C
3014738	110LT-1014A
3014739	110LT-1014B
3014740	110LT-1014C
3014742	110LT-1017A
3014743	110LT-1017B
3014744	110LT-1017C
3014773	110LT-3009A
3014774	110LT-3009B
3014775	110LT-3009C
3014786	110PT-0019A
3014787	110PT-0019B
3014788	110PT-0019C
3014794	110PT-0028A
3014795	110PT-0028B
3014796	110PT-0028C
3015978	110PT-0276A
3015979	110PT-0276B
3015980	110PT-0276C
3015987	110PT-0295
3016005	110PT-0445
3014882	110PT-1044A
3014883	110PT-1044B
3014884	110PT-1044C
3014901	110PT-1076A
3014902	110PT-1076B
3014903	110PT-1076C
3015022	110TT-0011A
3015024	110TT-0011B
3015026	110TT-0011C
3015037	110TT-0020A
3015039	110TT-0020B
3015041	110TT-0020C
3067916	110TT-0285A
3067951	110TT-0285B
3067962	110TT-0286A
3067973	110TT-0286B
3067984	110TT-0287A
3067995	110TT-0287B
3068006	110TT-0288A
3068017	110TT-0288B
3068028	110TT-0289A
3067917	110TT-0289B
3067928	110TT-0290A
3067939	110TT-0290B
3067944	110TT-0291A
3067945	110TT-0291B
3067946	110TT-0292A
3067947	110TT-0292B
3067948	110TT-0293A
3067949	110TT-0293B
3067950	110TT-0294A
3067952	110TT-0294B
3067953	110TT-0295A
3067954	110TT-0295B
3067955	110TT-0296A
3067956	110TT-0296B
3016066	110TT-0330
3067957	110TT-0435A
3067958	110TT-0435B
3067959	110TT-0436A
3067960	110TT-0436B
3067961	110TT-0437A
3067963	110TT-0437B
3067964	110TT-0438A
3067965	110TT-0438B
3067966	110TT-0439A
3067967	110TT-0439B
3067968	110TT-0440A
3067969	110TT-0440B
3067970	110TT-0441A
3067971	110TT-0441B
3067972	110TT-0442A
3067974	110TT-0442B
3067975	110TT-0443A
3067976	110TT-0443B
3067977	110TT-0444A
3067978	110TT-0444B
3067979	110TT-0445A
3067980	110TT-0445B
3067981	110TT-0453A
3067982	110TT-0453B
3016072	110TT-0480
3016074	110TT-1229A
3016075	110TT-1229B
3016076	110TT-1229C
3015560	110TT-3008
3015738	110UV-0007
3015741	110UV-0013
3015745	110UV-1002
3015746	110UV-1004
3015750	110UV-1008
3015762	110UV-3001
3015763	110UV-3003
3016103	110VT-0250X
3016104	110VT-0250Y
3016105	110VT-0251X
3016106	110VT-0251Y
3016109	110VT-0253X
3016110	110VT-0253Y
3016113	110VT-0255X
3016114	110VT-0255Y
3016121	110VT-0400X
3016122	110VT-0400Y
3016123	110VT-0401X
3016124	110VT-0401Y
3016125	110VT-0402X
3016126	110VT-0402Y
3016127	110VT-0403X
3016128	110VT-0403Y
3016129	110VT-0404X
3016130	110VT-0404Y
3016131	110VT-0405X
3016132	110VT-0405Y
3016168	116LT-0010
3016171	116LT-0013A
3016172	116LT-0013B
3016173	116LT-0013C
3016174	116LT-0014
3016175	116LT-0015
3016262	116UV-0003
3016264	116UV-0005
3016265	116UV-0006
3016266	116UV-0007
3059377	120BE-0002A
3059378	120BE-0002B
3059379	120BE-0002C
3059380	120BE-1002A
3059381	120BE-1002B
3059382	120BE-1002C
3059383	120BE-1004A
3059384	120BE-1004B
3059385	120BE-1004C
3016355	120FT-0031A
3016356	120FT-0031B
3016357	120FT-0031C
3016593	120LT-0015A
3016594	120LT-0015B
3016595	120LT-0015C
3055164	120LT-0018A
3055165	120LT-0018B
3055166	120LT-0018C
3016678	120PT-0071A
3016679	120PT-0071B
3016680	120PT-0071C
3016685	120PT-0075A
3016683	120PT-0075B
3016684	120PT-0075C
3016717	120PT-0131A
3016718	120PT-0131B
3016719	120PT-0131C
3016810	120PT-1052A
3016811	120PT-1052B
3016812	120PT-1052C
3016843	120PT-1123A
3016844	120PT-1123B
3016845	120PT-1123C
3016850	120PT-1127A
3016849	120PT-1127B
3016848	120PT-1127C
3016690	120PV-0086
3016825	120PV-1078
3018394	120UV-0001
3018410	120UV-0012
3018414	120UV-0014
3018421	120UV-0019
3018422	120UV-0020
3018423	120UV-0021
3018424	120UV-0022
3018425	120UV-0023
3018430	120UV-1001
3018432	120UV-1002
3018434	120UV-1004
3018437	120UV-1040
3018438	120UV-1041
3018439	120UV-1042
3018440	120UV-1043
3018443	120UV-1060
3018444	120UV-1061
3018445	120UV-1062
3018446	120UV-1063
3068012	130BT-0002A
3068013	130BT-0002B
3068014	130BT-0002C
3068015	130BT-0002D
3068020	130BT-1002A
3068021	130BT-1002B
3068022	130BT-1002C
3018588	130FT-0020A
3018590	130FT-0020B
3018589	130FT-0020C
3018623	130FT-1016A
3018621	130FT-1016B
3018622	130FT-1016C
3018653	130HV-0004
3018794	130LT-0004
3018802	130LT-0013A
3018803	130LT-0013B
3018804	130LT-0013C
3018885	130PT-0104A
3018886	130PT-0104B
3018887	130PT-0104C
3018897	130PT-0124
3018900	130PT-0124A
3018899	130PT-0124B
3018898	130PT-0124C
3018984	130PT-1112A
3018985	130PT-1112B
3018986	130PT-1112C
3018654	130PT-1128
3018992	130PT-1128A
3018993	130PT-1128B
3018994	130PT-1128C
3020004	130UV-0001
3020016	130UV-0009
3020026	130UV-0102
3020027	130UV-0103
3020029	130UV-0105
3020030	130UV-0106
3020033	130UV-1102
3020034	130UV-1103
3020036	130UV-1105
3020037	130UV-1106
3020087	140BE-0001B
3020090	140BE-0002B
3020093	140BE-0003B
3020096	140BE-0004B
3020099	140BE-0005B
3020102	140BE-0006B
3020105	140BE-0007B
3020108	140BE-0008B
3020111	140BE-0009B
3020086	140BT-0001A
3020089	140BT-0002A
3020092	140BT-0003A
3020095	140BT-0004A
3020098	140BT-0005A
3020101	140BT-0006A
3020104	140BT-0007A
3020107	140BT-0008A
3020110	140BT-0009A
3020130	140FV-0013
3020178	140FV-0055
3020264	140LT-0009
3020273	140LT-0016
3020276	140LT-0021A
3020277	140LT-0021B
3020278	140LT-0021C
3020280	140LT-0024A
3020281	140LT-0024B
3020282	140LT-0024C
3020290	140LT-0036A
3020291	140LT-0036B
3020292	140LT-0036C
3020293	140LT-0037A
3020294	140LT-0037B
3020295	140LT-0037C
3022183	140LT-1001A
3022184	140LT-1001B
3022185	140LT-1001C
3020347	140LT-2020A
3020348	140LT-2020B
3020349	140LT-2020C
3020399	140PT-0097A
3020400	140PT-0097B
3020401	140PT-0097C
3020405	140PT-0101
3020406	140PT-0103A
3020407	140PT-0103B
3020408	140PT-0103C
3022242	140PT-0293A
3022243	140PT-0293B
3022244	140PT-0293C
3020669	140TT-0035A
3020670	140TT-0035B
3020671	140TT-0035C
3020939	140TT-0138A1
3020940	140TT-0138A2
3020941	140TT-0138A3
3020943	140TT-0138B1
3020944	140TT-0138B2
3020945	140TT-0138B3
3020947	140TT-0138C1
3020948	140TT-0138C2
3020949	140TT-0138C3
3020951	140TT-0138D1
3020952	140TT-0138D2
3020953	140TT-0138D3
3020955	140TT-0138E1
3020956	140TT-0138E2
3020957	140TT-0138E3
3020959	140TT-0138F1
3020960	140TT-0138F2
3020961	140TT-0138F3
3020963	140TT-0138G1
3020964	140TT-0138G2
3020965	140TT-0138G3
3020967	140TT-0138H1
3020968	140TT-0138H2
3020969	140TT-0138H3
3020971	140TT-0138I1
3020972	140TT-0138I2
3020973	140TT-0138I3
3021011	140TT-0139A1
3021012	140TT-0139A2
3021013	140TT-0139A3
3021015	140TT-0139B1
3021016	140TT-0139B2
3021017	140TT-0139B3
3021019	140TT-0139C1
3021020	140TT-0139C2
3021021	140TT-0139C3
3021023	140TT-0139D1
3021024	140TT-0139D2
3021025	140TT-0139D3
3021027	140TT-0139E1
3021028	140TT-0139E2
3021029	140TT-0139E3
3021031	140TT-0139F1
3021032	140TT-0139F2
3021033	140TT-0139F3
3021035	140TT-0139G1
3021036	140TT-0139G2
3021037	140TT-0139G3
3021039	140TT-0139H1
3021040	140TT-0139H2
3021041	140TT-0139H3
3021043	140TT-0139I1
3021044	140TT-0139I2
3021045	140TT-0139I3
3021083	140TT-0140A1
3021084	140TT-0140A2
3021085	140TT-0140A3
3021087	140TT-0140B1
3021088	140TT-0140B2
3021089	140TT-0140B3
3021091	140TT-0140C1
3021092	140TT-0140C2
3021093	140TT-0140C3
3021095	140TT-0140D1
3021096	140TT-0140D2
3021097	140TT-0140D3
3021099	140TT-0140E1
3021100	140TT-0140E2
3021101	140TT-0140E3
3021103	140TT-0140F1
3021104	140TT-0140F2
3021105	140TT-0140F3
3021107	140TT-0140G1
3021108	140TT-0140G2
3021109	140TT-0140G3
3021111	140TT-0140H1
3021112	140TT-0140H2
3021113	140TT-0140H3
3021115	140TT-0140I1
3021116	140TT-0140I2
3021117	140TT-0140I3
3021879	140UV-0004
3021880	140UV-0005
3021881	140UV-0006
3021882	140UV-0007
3021889	140UV-0013
3021895	140UV-0019
3021896	140UV-0020
3021897	140UV-0021
3021898	140UV-0022
3021899	140UV-0023
3021900	140UV-0024
3021917	140UV-2001
3021918	140UV-2002
3023083	150FT-0031A
3023084	150FT-0031B
3023085	150FT-0031C
3023088	150FT-0033A
3023089	150FT-0033B
3023090	150FT-0033C
3055457	150LT-0016A
3055458	150LT-0016B
3055459	150LT-0016C
3023598	150PT-0178A
3023599	150PT-0178B
3023600	150PT-0178C
3023838	150PT-1105
3024158	150TT-0019A
3024161	150TT-0019B
3024164	150TT-0019C
3024550	150TT-0208
3024551	150TT-0209
3024552	150TT-0210
3024553	150TT-0211
3024554	150TT-0212
3024555	150TT-0213
3024556	150TT-0214
3024557	150TT-0215
3024558	150TT-0216
3024559	150TT-0217
3024560	150TT-0218
3024561	150TT-0219
3024562	150TT-0220
3024563	150TT-0221
3024564	150TT-0222
3024565	150TT-0223
3024566	150TT-0224
3024567	150TT-0225
3024568	150TT-0226
3024569	150TT-0227
3024570	150TT-0228
3024571	150TT-0229
3024572	150TT-0230
3024573	150TT-0231
3024574	150TT-0232
3024575	150TT-0233
3024576	150TT-0234
3024577	150TT-0235
3024578	150TT-0236
3024579	150TT-0237
3024580	150TT-0238
3025098	150TXT-0591
3025100	150TXT-0592
3025102	150TXT-0593
3025104	150TXT-0594
3025106	150TXT-0595
3025108	150TXT-0596
3025110	150TXT-0597
3025112	150TXT-0598
3025114	150TXT-0599
3025116	150TXT-0600
3025118	150TXT-0601
3025120	150TXT-0602
3025122	150TXT-0603
3025124	150TXT-0604
3025126	150TXT-0605
3025128	150TXT-0606
3025130	150TXT-0607
3025132	150TXT-0608
3025134	150TXT-0609
3025136	150TXT-0610
3025138	150TXT-0611
3025140	150TXT-0612
3025142	150TXT-0613
3025144	150TXT-0614
3025146	150TXT-0615
3025148	150TXT-0616
3025150	150TXT-0617
3025152	150TXT-0618
3025154	150TXT-0619
3025156	150TXT-0620
3025158	150TXT-0621
3025160	150TXT-0622
3025162	150TXT-0623
3025164	150TXT-0624
3025166	150TXT-0625
3025168	150TXT-0626
3025170	150TXT-0627
3025172	150TXT-0628
3025174	150TXT-0629
3025176	150TXT-0630
3025178	150TXT-0631
3025180	150TXT-0632
3025182	150TXT-0633
3025184	150TXT-0634
3025186	150TXT-0635
3025188	150TXT-0636
3025190	150TXT-0637
3025192	150TXT-0638
3025194	150TXT-0639
3025196	150TXT-0640
3025198	150TXT-0641
3025200	150TXT-0642
3025202	150TXT-0643
3025204	150TXT-0644
3025206	150TXT-0645
3025208	150TXT-0646
3025210	150TXT-0647
3025212	150TXT-0648
3025214	150TXT-0649
3025216	150TXT-0650
3025218	150TXT-0651
3025220	150TXT-0652
3025222	150TXT-0653
3025224	150TXT-0654
3025226	150TXT-0655
3025228	150TXT-0656
3025230	150TXT-0657
3025232	150TXT-0658
3025234	150TXT-0659
3025236	150TXT-0660
3025238	150TXT-0661
3025240	150TXT-0662
3025242	150TXT-0663
3025244	150TXT-0664
3025246	150TXT-0665
3025248	150TXT-0666
3025250	150TXT-0667
3025252	150TXT-0668
3025254	150TXT-0669
3025256	150TXT-0670
3025258	150TXT-0671
3025260	150TXT-0672
3025262	150TXT-0673
3025264	150TXT-0674
3025266	150TXT-0675
3025268	150TXT-0676
3025270	150TXT-0677
3025272	150TXT-0678
3025274	150TXT-0679
3025276	150TXT-0680
3025278	150TXT-0681
3025280	150TXT-0682
3025282	150TXT-0683
3025284	150TXT-0684
3025286	150TXT-0685
3025288	150TXT-0686
3025290	150TXT-0687
3025292	150TXT-0688
3025294	150TXT-0689
3025296	150TXT-0690
3025298	150TXT-0691
3025300	150TXT-0692
3025302	150TXT-0693
3025304	150TXT-0694
3025306	150TXT-0695
3025308	150TXT-0696
3025310	150TXT-0697
3025312	150TXT-0698
3025314	150TXT-0699
3025316	150TXT-0700
3025318	150TXT-0701
3025320	150TXT-0702
3025322	150TXT-0703
3025324	150TXT-0704
3025326	150TXT-0705
3025328	150TXT-0706
3025330	150TXT-0707
3025332	150TXT-0708
3025334	150TXT-0709
3025336	150TXT-0710
3025338	150TXT-0711
3025340	150TXT-0712
3025342	150TXT-0713
3025344	150TXT-0714
3025346	150TXT-0715
3025348	150TXT-0716
3025350	150TXT-0717
3025352	150TXT-0718
3026879	150UV-0001
3026881	150UV-0003
3026889	150UV-0011
3026890	150UV-0012
3026891	150UV-0013
3026895	150UV-0017
3026897	150UV-0019
3026913	150UV-1013
3026914	150UV-1014
3029384	160FT-0007A
3029385	160FT-0007B
3029386	160FT-0007C
3029426	160FT-1006
3029440	160FT-1011A
3029441	160FT-1011B
3029442	160FT-1011C
3029443	160FT-1011D
3029583	160FT-3014A
3029586	160FT-3014B
3029584	160FT-3014C
3029585	160FT-3014D
3055505	160LT-0001
3055506	160LT-0004
3055507	160LT-0005A
3055508	160LT-0005B
3055509	160LT-0005C
3055512	160LT-1002A
3055513	160LT-1002B
3055514	160LT-1002C
3055515	160LT-1003A
3055516	160LT-1003B
3055517	160LT-1003C
3055521	160LT-1009
3055524	160LT-1012
3055527	160LT-3001
3055529	160LT-3004
3055530	160LT-3006
3055531	160LT-3007
3055533	160LT-3009
3055536	160LT-3012
3055547	160LT-5016A
3055548	160LT-5016B
3055549	160LT-5016C
3055551	160LT-5019A
3055552	160LT-5019B
3055553	160LT-5019C
3029935	160PT-0022A
3029936	160PT-0022B
3029937	160PT-0022C
3029939	160PT-0026A
3029940	160PT-0026B
3029941	160PT-0026C
3029942	160PT-0029A
3029943	160PT-0029B
3029944	160PT-0029C
3029945	160PT-0032A
3029947	160PT-0032B
3029946	160PT-0032C
3029976	160PT-0114A
3029977	160PT-0114B
3029978	160PT-0114C
3030037	160PT-1006A
3030038	160PT-1006B
3030039	160PT-1006C
3030060	160PT-1030A
3030061	160PT-1030B
3030062	160PT-1030C
3030066	160PT-1032A
3030067	160PT-1032B
3030068	160PT-1032C
3030301	160PT-3013A
3030302	160PT-3013B
3030303	160PT-3013C
3030308	160PT-3020A
3030309	160PT-3020B
3030310	160PT-3020C
3030312	160PT-3022A
3030313	160PT-3022B
3030314	160PT-3022C
3030514	160TT-0003A
3030517	160TT-0003B
3030519	160TT-0003C
3030532	160TT-0006A
3030535	160TT-0006B
3030539	160TT-0006C
3030553	160TT-0009A
3030556	160TT-0009B
3030558	160TT-0009C
3030573	160TT-0012A
3030574	160TT-0012B
3030579	160TT-0012C
3030632	160TT-0040
3030652	160TT-0045A
3030653	160TT-0045B
3030656	160TT-0045C
3030661	160TT-0046
3030670	160TT-0049
3032286	160UV-0001
3032288	160UV-0003
3032291	160UV-0009
3032292	160UV-0011
3032293	160UV-0012
3032294	160UV-0013
3032296	160UV-0015
3032297	160UV-0016
3032298	160UV-0017
3032299	160UV-0018
3067932	160UV-0841
3067933	160UV-0842
3032303	160UV-1001
3032304	160UV-1002
3032305	160UV-1003
3032306	160UV-1004
3032307	160UV-1005
3032308	160UV-1006
3032309	160UV-1008
3032310	160UV-1014
3032311	160UV-1015
3032312	160UV-1016
3032313	160UV-1017
3032314	160UV-1018
3032315	160UV-1019
3032318	160UV-1023
3032319	160UV-1024
3032320	160UV-1025
3032341	160UV-3008
3032342	160UV-3009
3032343	160UV-3010
3032344	160UV-3011
3032345	160UV-3012
3032346	160UV-3013
3032347	160UV-3014
3032348	160UV-3015
3032349	160UV-3016
3032350	160UV-3017
3032351	160UV-3018
3032352	160UV-3019
3033208	190LT-0058A
3033209	190LT-0058B
3033210	190LT-0058C
3055558	190LT-1041
3033264	190LT-1094
3055560	190LT-2030A
3055561	190LT-2030B
3033282	190LT-2030C
3033388	190PDT-0225
3033389	190PDT-0226
3033452	190PDT-0425
3033453	190PDT-0426
3033337	190PT-0100A
3033336	190PT-0100B
3033339	190PT-0101A
3033338	190PT-0101B
3033342	190PT-0103
3033348	190PT-0122
3033360	190PT-0142
3033369	190PT-0162
3033372	190PT-0165
3033376	190PT-0200A
3033375	190PT-0200B
3033381	190PT-0203
3033383	190PT-0221A
3033384	190PT-0221B
3058997	190PT-0222A
3058998	190PT-0222B
3033386	190PT-0223A
3033387	190PT-0223B
3033399	190PT-0300A
3033398	190PT-0300B
3033404	190PT-0303
3033410	190PT-0322
3033422	190PT-0342
3033431	190PT-0362
3033437	190PT-0400A
3033438	190PT-0400B
3033439	190PT-0401A
3033440	190PT-0401B
3033443	190PT-0403
3033446	190PT-0421A
3033445	190PT-0421B
3033448	190PT-0422A
3033449	190PT-0422B
3033451	190PT-0423A
3033450	190PT-0423B
3033622	190PT-2005A
3033623	190PT-2005B
3033624	190PT-2005C
3033385	190PV-0221
3033393	190PV-0237
3033447	190PV-0421
3033457	190PV-0437
3033879	190TT-0130
3033930	190TT-0150
3033973	190TT-0170
3034171	190TT-0330
3034222	190TT-0350
3034265	190TT-0370
3035026	190TT-2002A
3035027	190TT-2002B
3035028	190TT-2002C
3035032	190TT-2004A
3035033	190TT-2004B
3035034	190TT-2004C
3035667	190UV-0110
3035671	190UV-0121A
3035672	190UV-0121B
3035673	190UV-0121C
3035682	190UV-0141A
3035684	190UV-0141C
3035690	190UV-0161A
3035692	190UV-0161C
3035698	190UV-0310
3035702	190UV-0321A
3035703	190UV-0321B
3035704	190UV-0321C
3035713	190UV-0341A
3035714	190UV-0341B
3035715	190UV-0341C
3035721	190UV-0361A
3035722	190UV-0361B
3035723	190UV-0361C
3035749	190UV-2005
3035750	190UV-2006
3067938	190UXY-2501A
3067940	190UXY-2501B
3055564	410LT-0004
3055568	410LT-0012
3036027	410TT-1002
3036023	410TV-1001
3036084	410UV-0001
3055584	415LT-0004
3055586	415LT-0007
3055588	415LT-0011
3055593	415LT-1005
3036294	415UV-0006
3036295	415UV-0007
3036297	415UV-0009
3036301	415UV-1005
3055610	420LT-0003
3055613	420LT-0005A
3055612	420LT-0005B
3055611	420LT-0005C
3036910	420UV-0002
3036912	420UV-0004
3036943	421PT-0046
3037049	421UV-0028
3037099	430BE-2001
3037101	430BE-2002
3037103	430BE-2004
3037092	430BT-0001
3037094	430BT-0002
3037096	430BT-0501
3037098	430BT-0502
3037123	430FT-0014
3037125	430FT-0016
3037135	430FT-0026
3037159	430FT-0054
3037170	430FT-0065
3037172	430FT-0067
3037251	430FT-0554
3037262	430FT-0565
3037264	430FT-0567
3037341	430FT-1033
3037373	430FT-2018A
3037374	430FT-2018B
3037375	430FT-2018C
3037396	430HV-0001
3037397	430HV-0002
3037400	430HV-0501
3037401	430HV-0502
3037404	430HV-1001
3037405	430HV-1002
3037406	430HV-1003
3037407	430HV-1004
3055630	430LT-0001A
3055631	430LT-0001B
3055632	430LT-0001C
3037533	430LT-0006A
3037534	430LT-0006B
3037535	430LT-0006C
3055635	430LT-0010A
3055636	430LT-0010B
3055637	430LT-0010C
3037546	430LT-0030
3037550	430LT-0034
3055645	430LT-0510A
3055646	430LT-0510B
3055647	430LT-0510C
3037561	430LT-0530
3037565	430LT-0534
3037567	430LT-1005A
3037568	430LT-1005B
3037569	430LT-1005C
3037572	430LT-1008A
3037573	430LT-1008B
3037574	430LT-1008C
3037578	430LT-1013
3037580	430LT-1018A
3037581	430LT-1018B
3037582	430LT-1018C
3055658	430LT-1021A
3055659	430LT-1021B
3055660	430LT-1021C
3055662	430LT-2004A
3055663	430LT-2004B
3055664	430LT-2004C
3037598	430LT-3012
3037615	430PT-0023
3037619	430PT-0033A
3037620	430PT-0033B
3037621	430PT-0033C
3037641	430PT-0073
3037642	430PT-0079
3037644	430PT-0085
3037663	430PT-0523
3037667	430PT-0533A
3037668	430PT-0533B
3037669	430PT-0533C
3037689	430PT-0573
3037690	430PT-0579
3037692	430PT-0585
3037737	430PT-1002A
3037738	430PT-1002B
3037739	430PT-1002C
3037818	430PT-2007A
3037819	430PT-2007B
3037820	430PT-2007C
3037821	430PT-2008A
3037822	430PT-2008B
3037823	430PT-2008C
3037825	430PT-2013
3037860	430PT-3042A
3037861	430PT-3042B
3037862	430PT-3042C
3038626	430TT-1021A
3038627	430TT-1021B
3038628	430TT-1021C
3038630	430TT-1022A
3038631	430TT-1022B
3038632	430TT-1022C
3038650	430TT-1027A
3038651	430TT-1027B
3038652	430TT-1027C
3038765	430TT-1081A
3038766	430TT-1081B
3038767	430TT-1081C
3038882	430TT-3001
3039004	430UV-0002
3039005	430UV-0003
3039006	430UV-0004
3039007	430UV-0005
3039008	430UV-0006
3039009	430UV-0007
3039010	430UV-0008
3039011	430UV-0009
3039012	430UV-0010
3039013	430UV-0011
3039016	430UV-0018
3039018	430UV-0020
3039019	430UV-0021
3039020	430UV-0022
3039021	430UV-0023
3039022	430UV-0030
3039023	430UV-0503
3039024	430UV-0504
3039025	430UV-0505
3039026	430UV-0506
3039027	430UV-0507
3039028	430UV-0508
3039029	430UV-0509
3039030	430UV-0510
3039031	430UV-0511
3039034	430UV-0518
3039036	430UV-0520
3039037	430UV-0521
3039038	430UV-0522
3039039	430UV-0530
3039045	430UV-2001
3039046	430UV-2002
3039047	430UV-2003
3039048	430UV-2004
3039049	430UV-2005
3039050	430UV-2006
3039053	430UV-2009
3039054	430UV-3001
3055691	440LT-0003
3055694	440LT-0006A
3055695	440LT-0006B
3055693	440LT-0006C
3039181	440LT-0017
3055700	440LT-0020
3039188	440PT-0024
3039376	440UV-0001
3039377	440UV-0002
3039378	440UV-0003
3039379	440UV-0004
3039380	440UV-0006
3039381	440UV-0010
3039382	440UV-0019
3039402	441LT-0014
3039408	441PT-0038
3039488	441UV-0013
3039489	441UV-0017
3055705	442LT-0013
3055709	442LT-0028A
3055710	442LT-0028B
3055708	442LT-0028C
3039530	442LT-0029
3039531	442LT-0031
3055715	442LT-0037
3039553	442PT-0089
3039709	442UV-0021
3039710	442UV-0022
3039711	442UV-0023
3039712	442UV-0025
3039713	442UV-0027
3039714	442UV-0031
3039715	442UV-0035
3039716	442UV-0037
3039801	445FT-0082
3039802	445FT-0084
3039814	445ST-0027A
3039815	445ST-0027B
3039816	445ST-0028A
3039817	445ST-0028B
3039818	445ST-0028C
3040017	445UV-0010
3041081	450FT-1002A
3041082	450FT-1002B
3041083	450FT-1002C
3040148	450FV-0002
3040151	450FV-0004
3040229	450LT-0002
3040245	450LT-1004A
3040246	450LT-1004B
3040247	450LT-1004C
3040250	450LT-1009A
3040251	450LT-1009B
3040252	450LT-1009C
3041276	450PT-1006A
3041277	450PT-1006B
3041278	450PT-1006C
3041279	450PT-1020A
3041280	450PT-1020B
3041281	450PT-1020C
3040448	450TT-0005
3040450	450TT-0006
3040452	450TT-0007
3041497	450TT-1003A
3041498	450TT-1003B
3041499	450TT-1003C
3041500	450TT-1004A
3041501	450TT-1004B
3041502	450TT-1004C
3040518	450TT-1007A
3040520	450TT-1007B
3040522	450TT-1007C
3041503	450TT-1011A
3041504	450TT-1011B
3041505	450TT-1011C
3040955	450TT-4003
3041035	450UV-0003
3041036	450UV-0004
3041041	450UV-1002
3041042	450UV-1003
3041043	450UV-1004
3041044	450UV-1005
3041045	450UV-1006
3041046	450UV-1007
3041047	450UV-1008
3041048	450UV-1009
3041049	450UV-1010
3041050	450UV-1011
3041051	450UV-1012
3041052	450UV-1013
3041063	450UV-4001
3041953	514LT-0002
3041956	514LT-0006
3041984	514UV-0001
3041985	514UV-0002
3042108	520PT-0003A
3042109	520PT-0003B
3042110	520PT-0003C
3042117	520PT-0016
3042395	520TT-4954
3042403	520TT-4961
3042406	520UV-0001
3042523	540LT-0001
3042537	540UV-0001
3042575	545BE-2414A
3042576	545BE-2414B
3042577	545BE-2415
3042578	545BE-2424A
3042579	545BE-2424B
3042580	545BE-2425
3042581	545BE-2434A
3042582	545BE-2434B
3042583	545BE-2435
3042584	545BE-2714A
3042585	545BE-2714B
3042586	545BE-2715
3042587	545BE-2724A
3042588	545BE-2724B
3042589	545BE-2725
3042590	545BE-2734A
3042591	545BE-2734B
3042592	545BE-2735
3042700	545FT-2346A
3042701	545FT-2346B
3042702	545FT-2346C
3042724	545FT-2646A
3042725	545FT-2646B
3042726	545FT-2646C
3042889	545PT-2403A
3042890	545PT-2403B
3042888	545PT-2403C
3042943	545ST-2525A
3042942	545ST-2525B
3042945	545ST-2825A
3042944	545ST-2825B
3043426	545UV-2401
3043427	545UV-2402
3043428	545UV-2403
3043429	545UV-2404
3043430	545UV-2405
3043431	545UV-2410A
3043432	545UV-2410B
3043433	545UV-2410C
3043435	545UV-2412A
3043436	545UV-2412B
3043437	545UV-2412C
3043438	545UV-2420A
3043439	545UV-2420B
3043440	545UV-2420C
3043442	545UV-2422A
3043443	545UV-2422B
3043444	545UV-2422C
3043445	545UV-2430A
3043446	545UV-2430B
3043447	545UV-2430C
3043449	545UV-2432A
3043451	545UV-2432B
3043450	545UV-2432C
3043458	545UV-2710A
3043459	545UV-2710B
3043460	545UV-2710C
3043462	545UV-2712A
3043463	545UV-2712B
3043464	545UV-2712C
3043465	545UV-2720A
3043466	545UV-2720B
3043467	545UV-2720C
3043469	545UV-2722A
3043470	545UV-2722B
3043471	545UV-2722C
3043472	545UV-2730A
3043473	545UV-2730B
3043474	545UV-2730C
3043476	545UV-2732A
3043478	545UV-2732B
3043477	545UV-2732C
3043518	550BE-0001
3043519	550BE-0002
3043520	550BE-0003
3043521	550BE-0004
3043523	550BE-0005
3043525	550BE-0006
3043530	550FT-0006
3043561	550LT-0013A
3043562	550LT-0013B
3043563	550LT-0013C
3043575	550PT-0024
3043595	550PT-0059
3043597	550PT-0063A
3043598	550PT-0063B
3043599	550PT-0063C
3043651	550TT-0010
3043794	550UV-0006
3043795	550UV-0007
3043796	550UV-0008
3043797	550UV-0009
3043798	550UV-0010
3043799	550UV-0011
3045445	620LT-0001A
3063128	620LT-0001B
3045446	620LT-0002A
3063129	620LT-0002B
3045447	620LT-0003A
3063130	620LT-0003B
3045448	620LT-0004A
3063131	620LT-0004B
3045449	620LT-0005A
3063132	620LT-0005B
3045450	620LT-0006A
3063133	620LT-0006B
3045451	620LT-0007A
3063134	620LT-0007B
3045639	630LT-0001A
3059340	630LT-0001B
3045640	630LT-0003A
3059341	630LT-0003B
3045641	630LT-0005A
3059342	630LT-0005B
3045642	630LT-0006A
3059343	630LT-0006B
3045643	630LT-0007A
3059344	630LT-0007B
3045644	630LT-0008A
3059345	630LT-0008B
3045645	630LT-0009A
3059346	630LT-0009B
3045646	630LT-0010A
3059347	630LT-0010B
3045647	630LT-0011A
3059339	630LT-0011B
3045648	630LT-0012A
3059337	630LT-0012B
3045649	630LT-0013A
3059338	630LT-0013B
3045650	630LT-0014A
3059348	630LT-0014B
3045651	630LT-0015A
3059349	630LT-0015B
3045652	630LT-0016A
3059350	630LT-0016B
3045653	630LT-0017A
3059351	630LT-0017B
3045654	630LT-0018A
3059352	630LT-0018B
3045655	630LT-0019A
3059353	630LT-0019B
3045656	630LT-0020A
3059354	630LT-0020B
3045657	630LT-0021A
3059355	630LT-0021B
3045658	630LT-0022A
3059356	630LT-0022B
3045659	630LT-0023A
3059357	630LT-0023B
3045660	630LT-0024A
3059358	630LT-0024B
3045661	630LT-0025A
3059359	630LT-0025B
3045662	630LT-0026A
3059360	630LT-0026B
3045663	630LT-0027A
3059361	630LT-0027B
3045664	630LT-0032A
3059362	630LT-0032B
3045665	630LT-0033A
3059363	630LT-0033B
3045666	630LT-0034A
3059364	630LT-0034B
3045667	630LT-0035A
3059365	630LT-0035B
3044531	630LT-0800A
3059366	630LT-0800B
3044532	630LT-0801A
3059367	630LT-0801B
3056771	640LT-0001B
3056774	640LT-0003A
3056787	640LT-0009B
3056790	640LT-0011A
3056794	640LT-0014A
3056799	640LT-0015B
3056803	640LT-0016B
3056806	640LT-0017A
3056811	640LT-0019
3056814	640LT-0020
3056823	640LT-0028
3056825	640LT-0030
3056846	640LT-0201
3056848	640LT-0203
3056908	640LT-0500A
3056909	640LT-0500B
3056912	640LT-0501A
3056913	640LT-0501B
3056916	640LT-0502A
3056917	640LT-0502B
3056920	640LT-0503A
3056921	640LT-0503B
3056924	640LT-0504A
3056925	640LT-0504B
3056928	640LT-0505A
3056929	640LT-0505B
3044730	640UV-0014
3044737	640UV-0201
3044740	640UV-0204
3044745	640UV-0209
3044748	640UV-0212
3055818	660LT-0003A
3055819	660LT-0003B
3055820	660LT-0003C
3055821	660LT-0004A
3055822	660LT-0004B
3055823	660LT-0004C
3055830	660LT-0015
3055832	660LT-0018A
3055833	660LT-0018B
3055834	660LT-0018C
3055835	660LT-0019A
3055836	660LT-0019B
3055837	660LT-0019C
3055843	660LT-0028
3055847	660LT-0035A
3055848	660LT-0035B
3055849	660LT-0035C
3055850	660LT-0036A
3055851	660LT-0036B
3055852	660LT-0036C
3055858	660LT-0044
3055860	660LT-0047
3047889	660LT-0056
3055869	660LT-1005
3047912	660PT-0011
3047926	660PT-0038
3047937	660PT-0060
3048287	660TT-0700
3048397	660UV-0003
3048399	660UV-0004
3048402	660UV-0007
3048404	660UV-0008
3048407	660UV-0011
3048409	660UV-0012
3048410	660UV-0013
3055872	661LT-0003A
3055873	661LT-0003B
3055874	661LT-0003C
3055876	661LT-0006
3055878	661LT-0009A
3055879	661LT-0009B
3055880	661LT-0009C
3055882	661LT-0012
3048517	661UV-0001
3048518	661UV-0002
3048549	662PT-0005
3048746	662TT-0201
3048667	662UV-0001
3048773	690LT-0001
3048775	690LT-0003
3048777	690LT-0005
3059011	690LT-0520
3049581	690LT-1007
3049586	690LT-2007
3049591	690LT-3008
3068316	690UXY-1535AA
3068320	690UXY-1535AB
3068324	690UXY-1535AC
3068328	690UXY-1535AD
3068382	690UXY-1535BA
3068386	690UXY-1535BB
3068390	690UXY-1535BC
3068394	690UXY-1535BD
3068317	690UXY-1536AAA
3068318	690UXY-1536AAB
3068321	690UXY-1536ABA
3068322	690UXY-1536ABB
3068325	690UXY-1536ACA
3068326	690UXY-1536ACB
3068329	690UXY-1536ADA
3068330	690UXY-1536ADB
3068383	690UXY-1536BAA
3068384	690UXY-1536BAB
3068387	690UXY-1536BBA
3068388	690UXY-1536BBB
3068391	690UXY-1536BCA
3068392	690UXY-1536BCB
3068395	690UXY-1536BDA
3068396	690UXY-1536BDB
3068319	690UXY-1542AA
3068323	690UXY-1542AB
3068327	690UXY-1542AC
3068331	690UXY-1542AD
3068385	690UXY-1542BA
3068389	690UXY-1542BB
3068393	690UXY-1542BC
3068315	690UXY-1542BD
3068360	690UXY-2535AA
3068364	690UXY-2535AB
3068368	690UXY-2535AC
3068372	690UXY-2535AD
3068376	690UXY-2535AE
3068418	690UXY-2535AF
3068429	690UXY-2535AG
3068332	690UXY-2535BA
3068336	690UXY-2535BB
3068340	690UXY-2535BC
3068344	690UXY-2535BD
3068348	690UXY-2535BE
3068352	690UXY-2535BF
3068356	690UXY-2535BG
3068361	690UXY-2536AAA
3068362	690UXY-2536AAB
3068365	690UXY-2536ABA
3068366	690UXY-2536ABB
3068369	690UXY-2536ACA
3068370	690UXY-2536ACB
3068373	690UXY-2536ADA
3068374	690UXY-2536ADB
3068377	690UXY-2536AEA
3068378	690UXY-2536AEB
3068440	690UXY-2536AFA
3068451	690UXY-2536AFB
3068462	690UXY-2536AGA
3068473	690UXY-2536AGB
3068333	690UXY-2536BAA
3068334	690UXY-2536BAB
3068337	690UXY-2536BBA
3068338	690UXY-2536BBB
3068341	690UXY-2536BCA
3068342	690UXY-2536BCB
3068345	690UXY-2536BDA
3068346	690UXY-2536BDB
3068349	690UXY-2536BEA
3068350	690UXY-2536BEB
3068353	690UXY-2536BFA
3068354	690UXY-2536BFB
3068357	690UXY-2536BGA
3068358	690UXY-2536BGB
3068363	690UXY-2542AA
3068367	690UXY-2542AB
3068371	690UXY-2542AC
3068375	690UXY-2542AD
3068379	690UXY-2542AE
3068484	690UXY-2542AF
3068495	690UXY-2542AG
3068335	690UXY-2542BA
3068339	690UXY-2542BB
3068343	690UXY-2542BC
3068347	690UXY-2542BD
3068351	690UXY-2542BE
3068355	690UXY-2542BF
3068359	690UXY-2542BG
3068507	690UXY-3535AA
3068518	690UXY-3535AB
3068529	690UXY-3535AC
3068540	690UXY-3535BA
3068551	690UXY-3535BB
3068562	690UXY-3535BC
3068573	690UXY-3535BD
3068584	690UXY-3535BE
3068587	690UXY-3535BF
3068588	690UXY-3535CA
3068590	690UXY-3535CB
3068591	690UXY-3535CC
3068592	690UXY-3536AAA
3068593	690UXY-3536AAB
3068594	690UXY-3536ABA
3068595	690UXY-3536ABB
3068596	690UXY-3536ACA
3068597	690UXY-3536ACB
3068598	690UXY-3536BAA
3068599	690UXY-3536BAB
3068601	690UXY-3536BBA
3068602	690UXY-3536BBB
3068603	690UXY-3536BCA
3068604	690UXY-3536BCB
3068605	690UXY-3536BDA
3068606	690UXY-3536BDB
3068607	690UXY-3536BEA
3068608	690UXY-3536BEB
3068609	690UXY-3536BFA
3068610	690UXY-3536BFB
3068612	690UXY-3536CAA
3068613	690UXY-3536CAB
3068614	690UXY-3536CBA
3068615	690UXY-3536CBB
3068616	690UXY-3536CCA
3068617	690UXY-3536CCB
3068618	690UXY-3542AA
3068619	690UXY-3542AB
3068620	690UXY-3542AC
3068621	690UXY-3542BA
3068623	690UXY-3542BB
3068624	690UXY-3542BC
3068625	690UXY-3542BD
3068626	690UXY-3542BE
3068627	690UXY-3542BF
3068628	690UXY-3542CA
3068629	690UXY-3542CB
3068630	690UXY-3542CC
3068631	690ZSH-1530AAA
3068632	690ZSH-1530ABA
3068634	690ZSH-1530ACA
3068635	690ZSH-1530ADA
3068636	690ZSH-1530BAA
3068637	690ZSH-1530BBA
3068638	690ZSH-1530BCA
3068639	690ZSH-1530BDA
3068640	690ZSH-1531AAA
3068641	690ZSH-1531ABA
3068642	690ZSH-1531ACA
3068643	690ZSH-1531ADA
3068645	690ZSH-1531BAA
3068646	690ZSH-1531BBA
3068647	690ZSH-1531BCA
3068648	690ZSH-1531BDA
3068649	690ZSH-2530AAA
3068650	690ZSH-2530ABA
3068651	690ZSH-2530ACA
3068652	690ZSH-2530ADA
3068653	690ZSH-2530AEA
3068654	690ZSH-2530AFA
3068655	690ZSH-2530AGA
3068656	690ZSH-2530BAA
3068657	690ZSH-2530BBA
3068658	690ZSH-2530BCA
3068659	690ZSH-2530BDA
3068660	690ZSH-2530BEA
3068661	690ZSH-2530BFA
3068662	690ZSH-2530BGA
3068663	690ZSH-2531AAA
3068664	690ZSH-2531ABA
3068397	690ZSH-2531ACA
3068398	690ZSH-2531ADA
3068399	690ZSH-2531AEA
3068400	690ZSH-2531AFA
3068401	690ZSH-2531AGA
3068402	690ZSH-2531BAA
3068403	690ZSH-2531BBA
3068404	690ZSH-2531BCA
3068405	690ZSH-2531BDA
3068406	690ZSH-2531BEA
3068408	690ZSH-2531BFA
3068409	690ZSH-2531BGA
3068410	690ZSH-3530AAA
3068411	690ZSH-3530ABA
3068412	690ZSH-3530ACA
3068413	690ZSH-3530BAA
3068414	690ZSH-3530BBA
3068415	690ZSH-3530BCA
3068416	690ZSH-3530BDA
3068417	690ZSH-3530BEA
3068419	690ZSH-3530BFA
3068420	690ZSH-3530CAA
3068421	690ZSH-3530CBA
3068422	690ZSH-3530CCA
3068423	690ZSH-3531AAA
3068424	690ZSH-3531ABA
3068425	690ZSH-3531ACA
3068426	690ZSH-3531BAA
3068427	690ZSH-3531BBA
3068428	690ZSH-3531BCA
3068430	690ZSH-3531BDA
3068431	690ZSH-3531BEA
3068432	690ZSH-3531BFA
3068433	690ZSH-3531CAA
3068434	690ZSH-3531CBA
3068435	690ZSH-3531CCA
3068436	690ZSHH-1530AAB
3068437	690ZSHH-1530AAC
3068438	690ZSHH-1530ABB
3068439	690ZSHH-1530ABC
3068441	690ZSHH-1530ACB
3068442	690ZSHH-1530ACC
3068443	690ZSHH-1530ADB
3068444	690ZSHH-1530ADC
3068445	690ZSHH-1530BAB
3068446	690ZSHH-1530BAC
3068447	690ZSHH-1530BBB
3068448	690ZSHH-1530BBC
3068449	690ZSHH-1530BCB
3068450	690ZSHH-1530BCC
3068452	690ZSHH-1530BDB
3068453	690ZSHH-1530BDC
3068454	690ZSHH-1531AAB
3068455	690ZSHH-1531AAC
3068456	690ZSHH-1531ABB
3068457	690ZSHH-1531ABC
3068458	690ZSHH-1531ACB
3068459	690ZSHH-1531ACC
3068460	690ZSHH-1531ADB
3068461	690ZSHH-1531ADC
3068463	690ZSHH-1531BAB
3068464	690ZSHH-1531BAC
3068465	690ZSHH-1531BBB
3068466	690ZSHH-1531BBC
3068467	690ZSHH-1531BCB
3068468	690ZSHH-1531BCC
3068469	690ZSHH-1531BDB
3068470	690ZSHH-1531BDC
3068471	690ZSHH-2530AAB
3068472	690ZSHH-2530AAC
3068474	690ZSHH-2530ABB
3068475	690ZSHH-2530ABC
3068476	690ZSHH-2530ACB
3068477	690ZSHH-2530ACC
3068478	690ZSHH-2530ADB
3068479	690ZSHH-2530ADC
3068480	690ZSHH-2530AEB
3068481	690ZSHH-2530AEC
3068482	690ZSHH-2530AFB
3068483	690ZSHH-2530AFC
3068485	690ZSHH-2530AGB
3068486	690ZSHH-2530AGC
3068487	690ZSHH-2530BAB
3068488	690ZSHH-2530BAC
3068489	690ZSHH-2530BBB
3068490	690ZSHH-2530BBC
3068491	690ZSHH-2530BCB
3068492	690ZSHH-2530BCC
3068493	690ZSHH-2530BDB
3068494	690ZSHH-2530BDC
3068496	690ZSHH-2530BEB
3068497	690ZSHH-2530BEC
3068498	690ZSHH-2530BFB
3068499	690ZSHH-2530BFC
3068500	690ZSHH-2530BGB
3068501	690ZSHH-2530BGC
3068502	690ZSHH-2531AAB
3068503	690ZSHH-2531AAC
3068504	690ZSHH-2531ABB
3068505	690ZSHH-2531ABC
3068508	690ZSHH-2531ACB
3068509	690ZSHH-2531ACC
3068510	690ZSHH-2531ADB
3068511	690ZSHH-2531ADC
3068512	690ZSHH-2531AEB
3068513	690ZSHH-2531AEC
3068514	690ZSHH-2531AFB
3068515	690ZSHH-2531AFC
3068516	690ZSHH-2531AGB
3068517	690ZSHH-2531AGC
3068519	690ZSHH-2531BAB
3068520	690ZSHH-2531BAC
3068521	690ZSHH-2531BBB
3068522	690ZSHH-2531BBC
3068523	690ZSHH-2531BCB
3068524	690ZSHH-2531BCC
3068525	690ZSHH-2531BDB
3068526	690ZSHH-2531BDC
3068527	690ZSHH-2531BEB
3068528	690ZSHH-2531BEC
3068530	690ZSHH-2531BFB
3068531	690ZSHH-2531BFC
3068532	690ZSHH-2531BGB
3068533	690ZSHH-2531BGC
3068534	690ZSHH-3530AAB
3068535	690ZSHH-3530AAC
3068536	690ZSHH-3530ABB
3068537	690ZSHH-3530ABC
3068538	690ZSHH-3530ACB
3068539	690ZSHH-3530ACC
3068541	690ZSHH-3530BAB
3068542	690ZSHH-3530BAC
3068543	690ZSHH-3530BBB
3068544	690ZSHH-3530BBC
3068545	690ZSHH-3530BCB
3068546	690ZSHH-3530BCC
3068547	690ZSHH-3530BDB
3068548	690ZSHH-3530BDC
3068549	690ZSHH-3530BEB
3068550	690ZSHH-3530BEC
3068552	690ZSHH-3530BFB
3068553	690ZSHH-3530BFC
3068554	690ZSHH-3530CAB
3068555	690ZSHH-3530CAC
3068556	690ZSHH-3530CBB
3068557	690ZSHH-3530CBC
3068558	690ZSHH-3530CCB
3068559	690ZSHH-3530CCC
3068560	690ZSHH-3531AAB
3068561	690ZSHH-3531AAC
3068563	690ZSHH-3531ABB
3068564	690ZSHH-3531ABC
3068565	690ZSHH-3531ACB
3068566	690ZSHH-3531ACC
3068567	690ZSHH-3531BAB
3068568	690ZSHH-3531BAC
3068569	690ZSHH-3531BBB
3068570	690ZSHH-3531BBC
3068571	690ZSHH-3531BCB
3068572	690ZSHH-3531BCC
3068574	690ZSHH-3531BDB
3068575	690ZSHH-3531BDC
3068576	690ZSHH-3531BEB
3068577	690ZSHH-3531BEC
3068578	690ZSHH-3531BFB
3068579	690ZSHH-3531BFC
3068580	690ZSHH-3531CAB
3068581	690ZSHH-3531CAC
3068582	690ZSHH-3531CBB
3068583	690ZSHH-3531CBC
3068585	690ZSHH-3531CCB
3068586	690ZSHH-3531CCC
3048751	662UV-0201
3048752	662UV-0202
3044537	630UV-0800
3044538	630UV-0801
3044539	630UV-0802
3044540	630UV-0803
3044541	630UV-0804
3044542	630UV-0805
3014278	100UV-0013
3014279	100UV-0014
3014280	100UV-0015
3014282	100UV-0017
3014283	100UV-0018
3014284	100UV-0019
3014285	100UV-0020
3014286	100UV-0021
3014289	100UV-0024
3014290	100UV-0025
3014291	100UV-0026
3014292	100UV-0027
3014293	100UV-0028
3014294	100UV-0029
3014295	100UV-0030
3014270	100UV-0003
3044731	640UV-0015
3044732	640UV-0016
3044733	640UV-0017
3044734	640UV-0018
3044735	640UV-0019
3044736	640UV-0020
3044738	640UV-0202
3044739	640UV-0203
3044741	640UV-0205
3044742	640UV-0206
3044743	640UV-0207
3044744	640UV-0208
3044746	640UV-0210
3044747	640UV-0211
3044749	640UV-0213
3044750	640UV-0214
3044751	640UV-0215
3044752	640UV-0216
3047803	655UV-0001
3049006	690UV-0001
3049007	690UV-0002
3049008	690UV-0003
3049010	690UV-1001
3049011	690UV-1002
3049012	690UV-1003
3049013	690UV-1004
3049014	690UV-1005
3049015	690UV-1006
3049016	690UV-1007
3049024	690UV-1015
3049030	690UV-2001
3049031	690UV-2002
3049032	690UV-2003
3049033	690UV-2004
3049034	690UV-2005
3049035	690UV-2006
3049042	690UV-2013
3049043	690UV-2014
3049044	690UV-2015
3049045	690UV-2016
3049046	690UV-2017
3049047	690UV-2018
3049060	690UV-3001
3049061	690UV-3002
3049062	690UV-3003
3049068	690UV-3015
3049069	690UV-3016
3049072	690UV-3019
3049073	690UV-3020
3049076	690UV-3023
3049077	690UV-3024
3050249	690UV-3029
3014411	100UV-1003
3014416	100UV-1008
3014419	100UV-1011
3014421	100UV-1013
3014447	100UV-1024
3014468	100UV-1030
3014469	100UV-1031
3014470	100UV-1032
3014474	100UV-1036
3014477	100UV-1039
3014485	100UV-1047
3015733	110UV-0001
3015734	110UV-0002
3015742	110UV-0014
3015744	110UV-1001
3015749	110UV-1007
3015751	110UV-1009
3015752	110UV-2001
3015755	110UV-2004
3015756	110UV-2005
3015757	110UV-2006
3015759	110UV-2008
3015760	110UV-2009
3015761	110UV-2010
3016263	116UV-0004
3018396	120UV-0002
3018397	120UV-0003
3018398	120UV-0004
3018400	120UV-0005
3018402	120UV-0006
3018403	120UV-0007
3018405	120UV-0009
3018408	120UV-0011
3018412	120UV-0013
3018416	120UV-0015
3018417	120UV-0016
3018419	120UV-0018
3018433	120UV-1003
3018436	120UV-1005
3020006	130UV-0003
3020008	130UV-0004
3020011	130UV-0006
3020013	130UV-0007
3021876	140UV-0001
3021877	140UV-0002
3021878	140UV-0003
3021883	140UV-0008
3021886	140UV-0011
3021887	140UV-0012A
3021888	140UV-0012B
3021890	140UV-0014
3021901	140UV-0025
3021902	140UV-0601A
3021903	140UV-0601B
3021904	140UV-0601C
3021905	140UV-0601D
3021906	140UV-0602A
3021907	140UV-0602B
3021908	140UV-0602C
3021909	140UV-0602D
3021910	140UV-1001
3021911	140UV-1002
3021912	140UV-1003
3021913	140UV-1004
3021914	140UV-1005
3021916	140UV-1007
3026880	150UV-0002
3026886	150UV-0008
3026887	150UV-0009
3026888	150UV-0010
3026910	150UV-1010A
3026911	150UV-1010B
3026912	150UV-1011
3026921	150UV-2001
3026922	150UV-2002
3026925	150UV-3007
3028772	150UV-4380A
3028773	150UV-4380B
3028774	150UV-4381A
3059369	150UV-4381B
3028775	150UV-4450
3028776	150UV-4451
3028777	150UV-4454
3028778	150UV-4455
3032287	160UV-0002
3032289	160UV-0004
3032290	160UV-0005
3032295	160UV-0014
3032321	160UV-1026
3032322	160UV-1027
3032323	160UV-1200
3032324	160UV-1201
3068080	160UXY-0841
3068081	160UXY-0842
3032423	160XV-1003
3032424	160XV-1004
3032425	160XV-2033
3032427	160XV-2035
3032428	160XV-2036
3032429	160XV-2038
3032430	160XV-2039
3032431	160XV-2040
3032432	160XV-2041
3032433	160XV-2042
3032434	160XV-2043
3032435	160XV-2044
3032437	160XV-2050
3032441	160XV-2059
3032442	160XV-2060
3032443	160XV-2061
3035937	190UV-0119
3035729	190UV-0610
3035730	190UV-0615
3035731	190UV-0620
3035732	190UV-0625
3035733	190UV-0630
3035734	190UV-0635
3035735	190UV-0640
3035736	190UV-0645
3035737	190UV-1001
3035738	190UV-1002
3035739	190UV-1003
3035740	190UV-1004
3035741	190UV-1005
3035742	190UV-1007
3035744	190UV-1024
3035745	190UV-1025
3035747	190UV-1320
3035748	190UV-1321
3035753	190UV-2026
3035755	190UV-2028
3035756	190UV-2029
3035757	190UV-2030
3035759	190UV-2032
3035760	190UV-4001
3035761	190UV-4002
3036086	410UV-0003
3036089	410UV-0006
3036090	410UV-0007
3036298	415UV-0010
3039383	440UV-0020
3039708	442UV-0020
3039717	442UV-0039
3041033	450UV-0001
3041034	450UV-0002
3041037	450UV-0005
3041040	450UV-1001
3041053	450UV-1014
3041057	450UV-2004
3041061	450UV-3004
3041062	450UV-3005
3041987	514UV-0003
3043425	545UV-2001
3043434	545UV-2411
3043441	545UV-2421
3043448	545UV-2431
3043453	545UV-2701
3043454	545UV-2702
3043455	545UV-2703
3043456	545UV-2704
3043457	545UV-2705
3043461	545UV-2711
3043468	545UV-2721
3043475	545UV-2731
